Study,N,var1,var2,ri
1,82,L2R,L2DA,0.5
1,82,L2R,L2DF,NA
1,82,L2R,L2V,0.5
1,82,L2R,L2G,0.46
1,82,L2R,L2P,0.1
1,82,L2R,L2M,0.47
1,82,L2R,L2L,NA
1,82,L2DA,L2DF,NA
1,82,L2DA,L2V,0.51
1,82,L2DA,L2G,0.5
1,82,L2DA,L2P,0.34
1,82,L2DA,L2M,0.6
1,82,L2DA,L2L,NA
1,82,L2DF,L2V,NA
1,82,L2DF,L2G,NA
1,82,L2DF,L2P,NA
1,82,L2DF,L2M,NA
1,82,L2DF,L2L,NA
1,82,L2V,L2G,0.25
1,82,L2V,L2P,0.26
1,82,L2V,L2M,0.55
1,82,L2V,L2L,NA
1,82,L2G,L2P,0.35
1,82,L2G,L2M,0.44
1,82,L2G,L2L,NA
1,82,L2P,L2M,0.3
1,82,L2P,L2L,NA
1,82,L2M,L2L,NA
2,55,L2R,L2DA,NA
2,55,L2R,L2DF,NA
2,55,L2R,L2V,NA
2,55,L2R,L2G,0.31
2,55,L2R,L2P,NA
2,55,L2R,L2M,NA
2,55,L2R,L2L,NA
2,55,L2DA,L2DF,NA
2,55,L2DA,L2V,NA
2,55,L2DA,L2G,NA
2,55,L2DA,L2P,NA
2,55,L2DA,L2M,NA
2,55,L2DA,L2L,NA
2,55,L2DF,L2V,NA
2,55,L2DF,L2G,NA
2,55,L2DF,L2P,NA
2,55,L2DF,L2M,NA
2,55,L2DF,L2L,NA
2,55,L2V,L2G,NA
2,55,L2V,L2P,NA
2,55,L2V,L2M,NA
2,55,L2V,L2L,NA
2,55,L2G,L2P,NA
2,55,L2G,L2M,NA
2,55,L2G,L2L,NA
2,55,L2P,L2M,NA
2,55,L2P,L2L,NA
2,55,L2M,L2L,NA
3,366,L2R,L2DA,0.67
3,366,L2R,L2DF,NA
3,366,L2R,L2V,NA
3,366,L2R,L2G,NA
3,366,L2R,L2P,NA
3,366,L2R,L2M,NA
3,366,L2R,L2L,0.73
3,366,L2DA,L2DF,NA
3,366,L2DA,L2V,NA
3,366,L2DA,L2G,NA
3,366,L2DA,L2P,NA
3,366,L2DA,L2M,NA
3,366,L2DA,L2L,0.65
3,366,L2DF,L2V,NA
3,366,L2DF,L2G,NA
3,366,L2DF,L2P,NA
3,366,L2DF,L2M,NA
3,366,L2DF,L2L,NA
3,366,L2V,L2G,NA
3,366,L2V,L2P,NA
3,366,L2V,L2M,NA
3,366,L2V,L2L,NA
3,366,L2G,L2P,NA
3,366,L2G,L2M,NA
3,366,L2G,L2L,NA
3,366,L2P,L2M,NA
3,366,L2P,L2L,NA
3,366,L2M,L2L,NA
4,173,L2R,L2DA,NA
4,173,L2R,L2DF,0.82
4,173,L2R,L2V,NA
4,173,L2R,L2G,NA
4,173,L2R,L2P,NA
4,173,L2R,L2M,NA
4,173,L2R,L2L,NA
4,173,L2DA,L2DF,NA
4,173,L2DA,L2V,NA
4,173,L2DA,L2G,NA
4,173,L2DA,L2P,NA
4,173,L2DA,L2M,NA
4,173,L2DA,L2L,0.65
4,173,L2DF,L2V,NA
4,173,L2DF,L2G,NA
4,173,L2DF,L2P,NA
4,173,L2DF,L2M,NA
4,173,L2DF,L2L,NA
4,173,L2V,L2G,NA
4,173,L2V,L2P,NA
4,173,L2V,L2M,NA
4,173,L2V,L2L,NA
4,173,L2G,L2P,NA
4,173,L2G,L2M,NA
4,173,L2G,L2L,NA
4,173,L2P,L2M,NA
4,173,L2P,L2L,NA
4,173,L2M,L2L,NA
5,345,L2R,L2DA,NA
5,345,L2R,L2DF,NA
5,345,L2R,L2V,0.34
5,345,L2R,L2G,0.64
5,345,L2R,L2P,NA
5,345,L2R,L2M,NA
5,345,L2R,L2L,NA
5,345,L2DA,L2DF,NA
5,345,L2DA,L2V,NA
5,345,L2DA,L2G,NA
5,345,L2DA,L2P,NA
5,345,L2DA,L2M,NA
5,345,L2DA,L2L,NA
5,345,L2DF,L2V,NA
5,345,L2DF,L2G,NA
5,345,L2DF,L2P,NA
5,345,L2DF,L2M,NA
5,345,L2DF,L2L,NA
5,345,L2V,L2G,0.43
5,345,L2V,L2P,NA
5,345,L2V,L2M,NA
5,345,L2V,L2L,NA
5,345,L2G,L2P,NA
5,345,L2G,L2M,NA
5,345,L2G,L2L,NA
5,345,L2P,L2M,NA
5,345,L2P,L2L,NA
5,345,L2M,L2L,NA
6,84,L2R,L2DA,NA
6,84,L2R,L2DF,NA
6,84,L2R,L2V,0.35
6,84,L2R,L2G,0.26
6,84,L2R,L2P,NA
6,84,L2R,L2M,NA
6,84,L2R,L2L,NA
6,84,L2DA,L2DF,NA
6,84,L2DA,L2V,NA
6,84,L2DA,L2G,NA
6,84,L2DA,L2P,NA
6,84,L2DA,L2M,NA
6,84,L2DA,L2L,NA
6,84,L2DF,L2V,NA
6,84,L2DF,L2G,NA
6,84,L2DF,L2P,NA
6,84,L2DF,L2M,NA
6,84,L2DF,L2L,NA
6,84,L2V,L2G,0.57
6,84,L2V,L2P,NA
6,84,L2V,L2M,NA
6,84,L2V,L2L,NA
6,84,L2G,L2P,NA
6,84,L2G,L2M,NA
6,84,L2G,L2L,NA
6,84,L2P,L2M,NA
6,84,L2P,L2L,NA
6,84,L2M,L2L,NA
7,38,L2R,L2DA,NA
7,38,L2R,L2DF,NA
7,38,L2R,L2V,NA
7,38,L2R,L2G,NA
7,38,L2R,L2P,NA
7,38,L2R,L2M,NA
7,38,L2R,L2L,NA
7,38,L2DA,L2DF,NA
7,38,L2DA,L2V,NA
7,38,L2DA,L2G,NA
7,38,L2DA,L2P,NA
7,38,L2DA,L2M,NA
7,38,L2DA,L2L,NA
7,38,L2DF,L2V,NA
7,38,L2DF,L2G,NA
7,38,L2DF,L2P,NA
7,38,L2DF,L2M,NA
7,38,L2DF,L2L,NA
7,38,L2V,L2G,0.5
7,38,L2V,L2P,NA
7,38,L2V,L2M,NA
7,38,L2V,L2L,NA
7,38,L2G,L2P,NA
7,38,L2G,L2M,NA
7,38,L2G,L2L,NA
7,38,L2P,L2M,NA
7,38,L2P,L2L,NA
7,38,L2M,L2L,NA
8,49,L2R,L2DA,NA
8,49,L2R,L2DF,NA
8,49,L2R,L2V,0.42
8,49,L2R,L2G,NA
8,49,L2R,L2P,0.37
8,49,L2R,L2M,NA
8,49,L2R,L2L,NA
8,49,L2DA,L2DF,NA
8,49,L2DA,L2V,NA
8,49,L2DA,L2G,NA
8,49,L2DA,L2P,NA
8,49,L2DA,L2M,NA
8,49,L2DA,L2L,NA
8,49,L2DF,L2V,NA
8,49,L2DF,L2G,NA
8,49,L2DF,L2P,NA
8,49,L2DF,L2M,NA
8,49,L2DF,L2L,NA
8,49,L2V,L2G,NA
8,49,L2V,L2P,NA
8,49,L2V,L2M,NA
8,49,L2V,L2L,NA
8,49,L2G,L2P,NA
8,49,L2G,L2M,NA
8,49,L2G,L2L,NA
8,49,L2P,L2M,NA
8,49,L2P,L2L,NA
8,49,L2M,L2L,NA
9,89,L2R,L2DA,0.52
9,89,L2R,L2DF,NA
9,89,L2R,L2V,0.51
9,89,L2R,L2G,NA
9,89,L2R,L2P,0.5
9,89,L2R,L2M,0.43
9,89,L2R,L2L,NA
9,89,L2DA,L2DF,NA
9,89,L2DA,L2V,0.43
9,89,L2DA,L2G,NA
9,89,L2DA,L2P,0.43
9,89,L2DA,L2M,0.4
9,89,L2DA,L2L,NA
9,89,L2DF,L2V,NA
9,89,L2DF,L2G,NA
9,89,L2DF,L2P,NA
9,89,L2DF,L2M,NA
9,89,L2DF,L2L,NA
9,89,L2V,L2G,NA
9,89,L2V,L2P,0.43
9,89,L2V,L2M,0.41
9,89,L2V,L2L,NA
9,89,L2G,L2P,NA
9,89,L2G,L2M,NA
9,89,L2G,L2L,NA
9,89,L2P,L2M,0.32
9,89,L2P,L2L,NA
9,89,L2M,L2L,NA
10,77,L2R,L2DA,0.72
10,77,L2R,L2DF,NA
10,77,L2R,L2V,0.71
10,77,L2R,L2G,NA
10,77,L2R,L2P,0.8
10,77,L2R,L2M,0.61
10,77,L2R,L2L,NA
10,77,L2DA,L2DF,NA
10,77,L2DA,L2V,0.76
10,77,L2DA,L2G,NA
10,77,L2DA,L2P,0.76
10,77,L2DA,L2M,0.67
10,77,L2DA,L2L,NA
10,77,L2DF,L2V,NA
10,77,L2DF,L2G,NA
10,77,L2DF,L2P,NA
10,77,L2DF,L2M,NA
10,77,L2DF,L2L,NA
10,77,L2V,L2G,NA
10,77,L2V,L2P,0.74
10,77,L2V,L2M,0.67
10,77,L2V,L2L,NA
10,77,L2G,L2P,NA
10,77,L2G,L2M,NA
10,77,L2G,L2L,NA
10,77,L2P,L2M,0.68
10,77,L2P,L2L,NA
10,77,L2M,L2L,NA
11,132,L2R,L2DA,NA
11,132,L2R,L2DF,NA
11,132,L2R,L2V,0.66
11,132,L2R,L2G,0.55
11,132,L2R,L2P,NA
11,132,L2R,L2M,NA
11,132,L2R,L2L,0.58
11,132,L2DA,L2DF,NA
11,132,L2DA,L2V,NA
11,132,L2DA,L2G,NA
11,132,L2DA,L2P,NA
11,132,L2DA,L2M,NA
11,132,L2DA,L2L,NA
11,132,L2DF,L2V,NA
11,132,L2DF,L2G,NA
11,132,L2DF,L2P,NA
11,132,L2DF,L2M,NA
11,132,L2DF,L2L,NA
11,132,L2V,L2G,0.61
11,132,L2V,L2P,NA
11,132,L2V,L2M,NA
11,132,L2V,L2L,0.64
11,132,L2G,L2P,NA
11,132,L2G,L2M,NA
11,132,L2G,L2L,0.65
11,132,L2P,L2M,NA
11,132,L2P,L2L,NA
11,132,L2M,L2L,NA
12,126,L2R,L2DA,NA
12,126,L2R,L2DF,NA
12,126,L2R,L2V,0.64
12,126,L2R,L2G,0.65
12,126,L2R,L2P,NA
12,126,L2R,L2M,NA
12,126,L2R,L2L,0.59
12,126,L2DA,L2DF,NA
12,126,L2DA,L2V,NA
12,126,L2DA,L2G,NA
12,126,L2DA,L2P,NA
12,126,L2DA,L2M,NA
12,126,L2DA,L2L,NA
12,126,L2DF,L2V,NA
12,126,L2DF,L2G,NA
12,126,L2DF,L2P,NA
12,126,L2DF,L2M,NA
12,126,L2DF,L2L,NA
12,126,L2V,L2G,0.73
12,126,L2V,L2P,NA
12,126,L2V,L2M,NA
12,126,L2V,L2L,0.68
12,126,L2G,L2P,NA
12,126,L2G,L2M,NA
12,126,L2G,L2L,0.64
12,126,L2P,L2M,NA
12,126,L2P,L2L,NA
12,126,L2M,L2L,NA
13,11,L2R,L2DA,NA
13,11,L2R,L2DF,NA
13,11,L2R,L2V,0.38
13,11,L2R,L2G,NA
13,11,L2R,L2P,NA
13,11,L2R,L2M,NA
13,11,L2R,L2L,NA
13,11,L2DA,L2DF,NA
13,11,L2DA,L2V,NA
13,11,L2DA,L2G,NA
13,11,L2DA,L2P,NA
13,11,L2DA,L2M,NA
13,11,L2DA,L2L,NA
13,11,L2DF,L2V,NA
13,11,L2DF,L2G,NA
13,11,L2DF,L2P,NA
13,11,L2DF,L2M,NA
13,11,L2DF,L2L,NA
13,11,L2V,L2G,NA
13,11,L2V,L2P,NA
13,11,L2V,L2M,NA
13,11,L2V,L2L,NA
13,11,L2G,L2P,NA
13,11,L2G,L2M,NA
13,11,L2G,L2L,NA
13,11,L2P,L2M,NA
13,11,L2P,L2L,NA
13,11,L2M,L2L,NA
14,76,L2R,L2DA,0.37
14,76,L2R,L2DF,0.36
14,76,L2R,L2V,0.56
14,76,L2R,L2G,NA
14,76,L2R,L2P,NA
14,76,L2R,L2M,NA
14,76,L2R,L2L,0.49
14,76,L2DA,L2DF,0.5
14,76,L2DA,L2V,0.2
14,76,L2DA,L2G,NA
14,76,L2DA,L2P,NA
14,76,L2DA,L2M,NA
14,76,L2DA,L2L,0.22
14,76,L2DF,L2V,0.23
14,76,L2DF,L2G,NA
14,76,L2DF,L2P,NA
14,76,L2DF,L2M,NA
14,76,L2DF,L2L,0.12
14,76,L2V,L2G,NA
14,76,L2V,L2P,NA
14,76,L2V,L2M,NA
14,76,L2V,L2L,0.64
14,76,L2G,L2P,NA
14,76,L2G,L2M,NA
14,76,L2G,L2L,NA
14,76,L2P,L2M,NA
14,76,L2P,L2L,NA
14,76,L2M,L2L,NA
15,502,L2R,L2DA,NA
15,502,L2R,L2DF,0.27
15,502,L2R,L2V,0.48
15,502,L2R,L2G,NA
15,502,L2R,L2P,NA
15,502,L2R,L2M,NA
15,502,L2R,L2L,NA
15,502,L2DA,L2DF,NA
15,502,L2DA,L2V,NA
15,502,L2DA,L2G,NA
15,502,L2DA,L2P,NA
15,502,L2DA,L2M,NA
15,502,L2DA,L2L,NA
15,502,L2DF,L2V,NA
15,502,L2DF,L2G,0.35
15,502,L2DF,L2P,NA
15,502,L2DF,L2M,NA
15,502,L2DF,L2L,NA
15,502,L2V,L2G,NA
15,502,L2V,L2P,NA
15,502,L2V,L2M,NA
15,502,L2V,L2L,NA
15,502,L2G,L2P,NA
15,502,L2G,L2M,NA
15,502,L2G,L2L,NA
15,502,L2P,L2M,NA
15,502,L2P,L2L,NA
15,502,L2M,L2L,NA
16,662,L2R,L2DA,NA
16,662,L2R,L2DF,0.2
16,662,L2R,L2V,0.44
16,662,L2R,L2G,NA
16,662,L2R,L2P,NA
16,662,L2R,L2M,NA
16,662,L2R,L2L,NA
16,662,L2DA,L2DF,NA
16,662,L2DA,L2V,NA
16,662,L2DA,L2G,NA
16,662,L2DA,L2P,NA
16,662,L2DA,L2M,NA
16,662,L2DA,L2L,NA
16,662,L2DF,L2V,NA
16,662,L2DF,L2G,0.28
16,662,L2DF,L2P,NA
16,662,L2DF,L2M,NA
16,662,L2DF,L2L,NA
16,662,L2V,L2G,NA
16,662,L2V,L2P,NA
16,662,L2V,L2M,NA
16,662,L2V,L2L,NA
16,662,L2G,L2P,NA
16,662,L2G,L2M,NA
16,662,L2G,L2L,NA
16,662,L2P,L2M,NA
16,662,L2P,L2L,NA
16,662,L2M,L2L,NA
17,51,L2R,L2DA,NA
17,51,L2R,L2DF,NA
17,51,L2R,L2V,NA
17,51,L2R,L2G,0.21
17,51,L2R,L2P,NA
17,51,L2R,L2M,NA
17,51,L2R,L2L,NA
17,51,L2DA,L2DF,NA
17,51,L2DA,L2V,NA
17,51,L2DA,L2G,NA
17,51,L2DA,L2P,NA
17,51,L2DA,L2M,NA
17,51,L2DA,L2L,NA
17,51,L2DF,L2V,NA
17,51,L2DF,L2G,NA
17,51,L2DF,L2P,NA
17,51,L2DF,L2M,NA
17,51,L2DF,L2L,NA
17,51,L2V,L2G,NA
17,51,L2V,L2P,NA
17,51,L2V,L2M,NA
17,51,L2V,L2L,NA
17,51,L2G,L2P,NA
17,51,L2G,L2M,NA
17,51,L2G,L2L,NA
17,51,L2P,L2M,NA
17,51,L2P,L2L,NA
17,51,L2M,L2L,NA
18,192,L2R,L2DA,0.73
18,192,L2R,L2DF,0.61
18,192,L2R,L2V,NA
18,192,L2R,L2G,NA
18,192,L2R,L2P,0.66
18,192,L2R,L2M,NA
18,192,L2R,L2L,0.99
18,192,L2DA,L2DF,0.64
18,192,L2DA,L2V,NA
18,192,L2DA,L2G,NA
18,192,L2DA,L2P,0.54
18,192,L2DA,L2M,NA
18,192,L2DA,L2L,0.6
18,192,L2DF,L2V,NA
18,192,L2DF,L2G,NA
18,192,L2DF,L2P,0.43
18,192,L2DF,L2M,NA
18,192,L2DF,L2L,0.49
18,192,L2V,L2G,NA
18,192,L2V,L2P,NA
18,192,L2V,L2M,NA
18,192,L2V,L2L,NA
18,192,L2G,L2P,NA
18,192,L2G,L2M,NA
18,192,L2G,L2L,NA
18,192,L2P,L2M,NA
18,192,L2P,L2L,0.66
18,192,L2M,L2L,NA
19,113,L2R,L2DA,0.44
19,113,L2R,L2DF,NA
19,113,L2R,L2V,0.57
19,113,L2R,L2G,NA
19,113,L2R,L2P,NA
19,113,L2R,L2M,0.62
19,113,L2R,L2L,0.7
19,113,L2DA,L2DF,NA
19,113,L2DA,L2V,0.26
19,113,L2DA,L2G,NA
19,113,L2DA,L2P,NA
19,113,L2DA,L2M,0.58
19,113,L2DA,L2L,0.2
19,113,L2DF,L2V,NA
19,113,L2DF,L2G,NA
19,113,L2DF,L2P,NA
19,113,L2DF,L2M,NA
19,113,L2DF,L2L,NA
19,113,L2V,L2G,NA
19,113,L2V,L2P,NA
19,113,L2V,L2M,0.53
19,113,L2V,L2L,0.74
19,113,L2G,L2P,NA
19,113,L2G,L2M,NA
19,113,L2G,L2L,NA
19,113,L2P,L2M,NA
19,113,L2P,L2L,NA
19,113,L2M,L2L,0.49
20,79,L2R,L2DA,0.83
20,79,L2R,L2DF,NA
20,79,L2R,L2V,0.29
20,79,L2R,L2G,NA
20,79,L2R,L2P,0.5
20,79,L2R,L2M,NA
20,79,L2R,L2L,NA
20,79,L2DA,L2DF,NA
20,79,L2DA,L2V,0.27
20,79,L2DA,L2G,NA
20,79,L2DA,L2P,0.45
20,79,L2DA,L2M,NA
20,79,L2DA,L2L,NA
20,79,L2DF,L2V,NA
20,79,L2DF,L2G,NA
20,79,L2DF,L2P,NA
20,79,L2DF,L2M,NA
20,79,L2DF,L2L,NA
20,79,L2V,L2G,NA
20,79,L2V,L2P,0.41
20,79,L2V,L2M,NA
20,79,L2V,L2L,NA
20,79,L2G,L2P,NA
20,79,L2G,L2M,NA
20,79,L2G,L2L,NA
20,79,L2P,L2M,NA
20,79,L2P,L2L,NA
20,79,L2M,L2L,NA
21,64,L2R,L2DA,0.74
21,64,L2R,L2DF,0.74
21,64,L2R,L2V,0.49
21,64,L2R,L2G,NA
21,64,L2R,L2P,0.68
21,64,L2R,L2M,NA
21,64,L2R,L2L,NA
21,64,L2DA,L2DF,0.74
21,64,L2DA,L2V,0.5
21,64,L2DA,L2G,NA
21,64,L2DA,L2P,0.75
21,64,L2DA,L2M,NA
21,64,L2DA,L2L,NA
21,64,L2DF,L2V,0.43
21,64,L2DF,L2G,NA
21,64,L2DF,L2P,0.67
21,64,L2DF,L2M,NA
21,64,L2DF,L2L,NA
21,64,L2V,L2G,NA
21,64,L2V,L2P,0.38
21,64,L2V,L2M,NA
21,64,L2V,L2L,NA
21,64,L2G,L2P,NA
21,64,L2G,L2M,NA
21,64,L2G,L2L,NA
21,64,L2P,L2M,NA
21,64,L2P,L2L,NA
21,64,L2M,L2L,NA
22,66,L2R,L2DA,0.77
22,66,L2R,L2DF,0.61
22,66,L2R,L2V,0.5
22,66,L2R,L2G,NA
22,66,L2R,L2P,0.6
22,66,L2R,L2M,NA
22,66,L2R,L2L,NA
22,66,L2DA,L2DF,0.69
22,66,L2DA,L2V,0.44
22,66,L2DA,L2G,NA
22,66,L2DA,L2P,0.65
22,66,L2DA,L2M,NA
22,66,L2DA,L2L,NA
22,66,L2DF,L2V,0.35
22,66,L2DF,L2G,NA
22,66,L2DF,L2P,0.48
22,66,L2DF,L2M,NA
22,66,L2DF,L2L,NA
22,66,L2V,L2G,NA
22,66,L2V,L2P,0.37
22,66,L2V,L2M,NA
22,66,L2V,L2L,NA
22,66,L2G,L2P,NA
22,66,L2G,L2M,NA
22,66,L2G,L2L,NA
22,66,L2P,L2M,NA
22,66,L2P,L2L,NA
22,66,L2M,L2L,NA
23,65,L2R,L2DA,0.83
23,65,L2R,L2DF,0.79
23,65,L2R,L2V,0.68
23,65,L2R,L2G,NA
23,65,L2R,L2P,0.65
23,65,L2R,L2M,NA
23,65,L2R,L2L,NA
23,65,L2DA,L2DF,0.81
23,65,L2DA,L2V,0.6
23,65,L2DA,L2G,NA
23,65,L2DA,L2P,0.71
23,65,L2DA,L2M,NA
23,65,L2DA,L2L,NA
23,65,L2DF,L2V,0.55
23,65,L2DF,L2G,NA
23,65,L2DF,L2P,0.58
23,65,L2DF,L2M,NA
23,65,L2DF,L2L,NA
23,65,L2V,L2G,NA
23,65,L2V,L2P,0.61
23,65,L2V,L2M,NA
23,65,L2V,L2L,NA
23,65,L2G,L2P,NA
23,65,L2G,L2M,NA
23,65,L2G,L2L,NA
23,65,L2P,L2M,NA
23,65,L2P,L2L,NA
23,65,L2M,L2L,NA
24,278,L2R,L2DA,NA
24,278,L2R,L2DF,NA
24,278,L2R,L2V,0.4
24,278,L2R,L2G,0.17
24,278,L2R,L2P,NA
24,278,L2R,L2M,NA
24,278,L2R,L2L,NA
24,278,L2DA,L2DF,NA
24,278,L2DA,L2V,NA
24,278,L2DA,L2G,NA
24,278,L2DA,L2P,NA
24,278,L2DA,L2M,NA
24,278,L2DA,L2L,NA
24,278,L2DF,L2V,NA
24,278,L2DF,L2G,NA
24,278,L2DF,L2P,NA
24,278,L2DF,L2M,NA
24,278,L2DF,L2L,NA
24,278,L2V,L2G,0.24
24,278,L2V,L2P,NA
24,278,L2V,L2M,NA
24,278,L2V,L2L,NA
24,278,L2G,L2P,NA
24,278,L2G,L2M,NA
24,278,L2G,L2L,NA
24,278,L2P,L2M,NA
24,278,L2P,L2L,NA
24,278,L2M,L2L,NA
25,559,L2R,L2DA,NA
25,559,L2R,L2DF,NA
25,559,L2R,L2V,0.11
25,559,L2R,L2G,NA
25,559,L2R,L2P,NA
25,559,L2R,L2M,NA
25,559,L2R,L2L,0.68
25,559,L2DA,L2DF,NA
25,559,L2DA,L2V,NA
25,559,L2DA,L2G,NA
25,559,L2DA,L2P,NA
25,559,L2DA,L2M,NA
25,559,L2DA,L2L,NA
25,559,L2DF,L2V,NA
25,559,L2DF,L2G,NA
25,559,L2DF,L2P,NA
25,559,L2DF,L2M,NA
25,559,L2DF,L2L,NA
25,559,L2V,L2G,NA
25,559,L2V,L2P,NA
25,559,L2V,L2M,NA
25,559,L2V,L2L,0.2
25,559,L2G,L2P,NA
25,559,L2G,L2M,NA
25,559,L2G,L2L,NA
25,559,L2P,L2M,NA
25,559,L2P,L2L,NA
25,559,L2M,L2L,NA
26,88,L2R,L2DA,NA
26,88,L2R,L2DF,NA
26,88,L2R,L2V,0.68
26,88,L2R,L2G,NA
26,88,L2R,L2P,NA
26,88,L2R,L2M,NA
26,88,L2R,L2L,NA
26,88,L2DA,L2DF,NA
26,88,L2DA,L2V,NA
26,88,L2DA,L2G,NA
26,88,L2DA,L2P,NA
26,88,L2DA,L2M,NA
26,88,L2DA,L2L,NA
26,88,L2DF,L2V,NA
26,88,L2DF,L2G,NA
26,88,L2DF,L2P,NA
26,88,L2DF,L2M,NA
26,88,L2DF,L2L,NA
26,88,L2V,L2G,NA
26,88,L2V,L2P,NA
26,88,L2V,L2M,NA
26,88,L2V,L2L,NA
26,88,L2G,L2P,NA
26,88,L2G,L2M,NA
26,88,L2G,L2L,NA
26,88,L2P,L2M,NA
26,88,L2P,L2L,NA
26,88,L2M,L2L,NA
27,60,L2R,L2DA,NA
27,60,L2R,L2DF,NA
27,60,L2R,L2V,0.37
27,60,L2R,L2G,0.29
27,60,L2R,L2P,NA
27,60,L2R,L2M,NA
27,60,L2R,L2L,0.39
27,60,L2DA,L2DF,NA
27,60,L2DA,L2V,NA
27,60,L2DA,L2G,NA
27,60,L2DA,L2P,NA
27,60,L2DA,L2M,NA
27,60,L2DA,L2L,NA
27,60,L2DF,L2V,NA
27,60,L2DF,L2G,NA
27,60,L2DF,L2P,NA
27,60,L2DF,L2M,NA
27,60,L2DF,L2L,NA
27,60,L2V,L2G,0.57
27,60,L2V,L2P,NA
27,60,L2V,L2M,NA
27,60,L2V,L2L,0.45
27,60,L2G,L2P,NA
27,60,L2G,L2M,NA
27,60,L2G,L2L,0.47
27,60,L2P,L2M,NA
27,60,L2P,L2L,NA
27,60,L2M,L2L,NA
28,184,L2R,L2DA,NA
28,184,L2R,L2DF,NA
28,184,L2R,L2V,0.5
28,184,L2R,L2G,0.52
28,184,L2R,L2P,NA
28,184,L2R,L2M,NA
28,184,L2R,L2L,0.29
28,184,L2DA,L2DF,NA
28,184,L2DA,L2V,NA
28,184,L2DA,L2G,NA
28,184,L2DA,L2P,NA
28,184,L2DA,L2M,NA
28,184,L2DA,L2L,NA
28,184,L2DF,L2V,NA
28,184,L2DF,L2G,NA
28,184,L2DF,L2P,NA
28,184,L2DF,L2M,NA
28,184,L2DF,L2L,NA
28,184,L2V,L2G,0.41
28,184,L2V,L2P,NA
28,184,L2V,L2M,NA
28,184,L2V,L2L,0.41
28,184,L2G,L2P,NA
28,184,L2G,L2M,NA
28,184,L2G,L2L,0.37
28,184,L2P,L2M,NA
28,184,L2P,L2L,NA
28,184,L2M,L2L,NA
29,210,L2R,L2DA,0.84
29,210,L2R,L2DF,NA
29,210,L2R,L2V,NA
29,210,L2R,L2G,NA
29,210,L2R,L2P,NA
29,210,L2R,L2M,NA
29,210,L2R,L2L,0.46
29,210,L2DA,L2DF,NA
29,210,L2DA,L2V,NA
29,210,L2DA,L2G,NA
29,210,L2DA,L2P,NA
29,210,L2DA,L2M,NA
29,210,L2DA,L2L,0.42
29,210,L2DF,L2V,NA
29,210,L2DF,L2G,NA
29,210,L2DF,L2P,NA
29,210,L2DF,L2M,NA
29,210,L2DF,L2L,NA
29,210,L2V,L2G,NA
29,210,L2V,L2P,NA
29,210,L2V,L2M,NA
29,210,L2V,L2L,NA
29,210,L2G,L2P,NA
29,210,L2G,L2M,NA
29,210,L2G,L2L,NA
29,210,L2P,L2M,NA
29,210,L2P,L2L,NA
29,210,L2M,L2L,NA
30,50,L2R,L2DA,NA
30,50,L2R,L2DF,NA
30,50,L2R,L2V,0.3
30,50,L2R,L2G,NA
30,50,L2R,L2P,NA
30,50,L2R,L2M,NA
30,50,L2R,L2L,NA
30,50,L2DA,L2DF,NA
30,50,L2DA,L2V,NA
30,50,L2DA,L2G,NA
30,50,L2DA,L2P,NA
30,50,L2DA,L2M,NA
30,50,L2DA,L2L,NA
30,50,L2DF,L2V,NA
30,50,L2DF,L2G,NA
30,50,L2DF,L2P,NA
30,50,L2DF,L2M,NA
30,50,L2DF,L2L,NA
30,50,L2V,L2G,NA
30,50,L2V,L2P,NA
30,50,L2V,L2M,NA
30,50,L2V,L2L,NA
30,50,L2G,L2P,NA
30,50,L2G,L2M,NA
30,50,L2G,L2L,NA
30,50,L2P,L2M,NA
30,50,L2P,L2L,NA
30,50,L2M,L2L,NA
31,20,L2R,L2DA,NA
31,20,L2R,L2DF,NA
31,20,L2R,L2V,0.5
31,20,L2R,L2G,NA
31,20,L2R,L2P,NA
31,20,L2R,L2M,NA
31,20,L2R,L2L,NA
31,20,L2DA,L2DF,NA
31,20,L2DA,L2V,NA
31,20,L2DA,L2G,NA
31,20,L2DA,L2P,NA
31,20,L2DA,L2M,NA
31,20,L2DA,L2L,NA
31,20,L2DF,L2V,NA
31,20,L2DF,L2G,NA
31,20,L2DF,L2P,NA
31,20,L2DF,L2M,NA
31,20,L2DF,L2L,NA
31,20,L2V,L2G,NA
31,20,L2V,L2P,NA
31,20,L2V,L2M,NA
31,20,L2V,L2L,NA
31,20,L2G,L2P,NA
31,20,L2G,L2M,NA
31,20,L2G,L2L,NA
31,20,L2P,L2M,NA
31,20,L2P,L2L,NA
31,20,L2M,L2L,NA
32,159,L2R,L2DA,NA
32,159,L2R,L2DF,NA
32,159,L2R,L2V,0.5
32,159,L2R,L2G,0.64
32,159,L2R,L2P,NA
32,159,L2R,L2M,NA
32,159,L2R,L2L,0.67
32,159,L2DA,L2DF,NA
32,159,L2DA,L2V,NA
32,159,L2DA,L2G,NA
32,159,L2DA,L2P,NA
32,159,L2DA,L2M,NA
32,159,L2DA,L2L,NA
32,159,L2DF,L2V,NA
32,159,L2DF,L2G,NA
32,159,L2DF,L2P,NA
32,159,L2DF,L2M,NA
32,159,L2DF,L2L,NA
32,159,L2V,L2G,0.64
32,159,L2V,L2P,NA
32,159,L2V,L2M,NA
32,159,L2V,L2L,0.49
32,159,L2G,L2P,NA
32,159,L2G,L2M,NA
32,159,L2G,L2L,0.65
32,159,L2P,L2M,NA
32,159,L2P,L2L,NA
32,159,L2M,L2L,NA
33,140,L2R,L2DA,0.33
33,140,L2R,L2DF,0.37
33,140,L2R,L2V,NA
33,140,L2R,L2G,NA
33,140,L2R,L2P,NA
33,140,L2R,L2M,NA
33,140,L2R,L2L,NA
33,140,L2DA,L2DF,0.79
33,140,L2DA,L2V,NA
33,140,L2DA,L2G,NA
33,140,L2DA,L2P,NA
33,140,L2DA,L2M,NA
33,140,L2DA,L2L,NA
33,140,L2DF,L2V,NA
33,140,L2DF,L2G,NA
33,140,L2DF,L2P,NA
33,140,L2DF,L2M,NA
33,140,L2DF,L2L,NA
33,140,L2V,L2G,NA
33,140,L2V,L2P,NA
33,140,L2V,L2M,NA
33,140,L2V,L2L,NA
33,140,L2G,L2P,NA
33,140,L2G,L2M,NA
33,140,L2G,L2L,NA
33,140,L2P,L2M,NA
33,140,L2P,L2L,NA
33,140,L2M,L2L,NA
34,188,L2R,L2DA,0.34
34,188,L2R,L2DF,NA
34,188,L2R,L2V,0.5
34,188,L2R,L2G,NA
34,188,L2R,L2P,NA
34,188,L2R,L2M,0.48
34,188,L2R,L2L,0.53
34,188,L2DA,L2DF,NA
34,188,L2DA,L2V,0.39
34,188,L2DA,L2G,NA
34,188,L2DA,L2P,NA
34,188,L2DA,L2M,0.37
34,188,L2DA,L2L,0.38
34,188,L2DF,L2V,NA
34,188,L2DF,L2G,NA
34,188,L2DF,L2P,NA
34,188,L2DF,L2M,NA
34,188,L2DF,L2L,NA
34,188,L2V,L2G,NA
34,188,L2V,L2P,NA
34,188,L2V,L2M,0.63
34,188,L2V,L2L,0.56
34,188,L2G,L2P,NA
34,188,L2G,L2M,NA
34,188,L2G,L2L,NA
34,188,L2P,L2M,NA
34,188,L2P,L2L,NA
34,188,L2M,L2L,0.53
35,255,L2R,L2DA,NA
35,255,L2R,L2DF,0.28
35,255,L2R,L2V,0.47
35,255,L2R,L2G,0.59
35,255,L2R,L2P,NA
35,255,L2R,L2M,0.47
35,255,L2R,L2L,0.44
35,255,L2DA,L2DF,NA
35,255,L2DA,L2V,NA
35,255,L2DA,L2G,NA
35,255,L2DA,L2P,NA
35,255,L2DA,L2M,NA
35,255,L2DA,L2L,NA
35,255,L2DF,L2V,0.34
35,255,L2DF,L2G,0.32
35,255,L2DF,L2P,NA
35,255,L2DF,L2M,0.35
35,255,L2DF,L2L,0.39
35,255,L2V,L2G,0.46
35,255,L2V,L2P,NA
35,255,L2V,L2M,0.56
35,255,L2V,L2L,0.52
35,255,L2G,L2P,NA
35,255,L2G,L2M,0.59
35,255,L2G,L2L,0.54
35,255,L2P,L2M,NA
35,255,L2P,L2L,NA
35,255,L2M,L2L,0.51
36,94,L2R,L2DA,0.8
36,94,L2R,L2DF,0.8
36,94,L2R,L2V,0.86
36,94,L2R,L2G,NA
36,94,L2R,L2P,NA
36,94,L2R,L2M,NA
36,94,L2R,L2L,NA
36,94,L2DA,L2DF,0.7
36,94,L2DA,L2V,0.78
36,94,L2DA,L2G,NA
36,94,L2DA,L2P,NA
36,94,L2DA,L2M,NA
36,94,L2DA,L2L,NA
36,94,L2DF,L2V,0.78
36,94,L2DF,L2G,NA
36,94,L2DF,L2P,NA
36,94,L2DF,L2M,NA
36,94,L2DF,L2L,NA
36,94,L2V,L2G,NA
36,94,L2V,L2P,NA
36,94,L2V,L2M,NA
36,94,L2V,L2L,NA
36,94,L2G,L2P,NA
36,94,L2G,L2M,NA
36,94,L2G,L2L,NA
36,94,L2P,L2M,NA
36,94,L2P,L2L,NA
36,94,L2M,L2L,NA
37,200,L2R,L2DA,NA
37,200,L2R,L2DF,0.23
37,200,L2R,L2V,NA
37,200,L2R,L2G,NA
37,200,L2R,L2P,NA
37,200,L2R,L2M,NA
37,200,L2R,L2L,NA
37,200,L2DA,L2DF,NA
37,200,L2DA,L2V,NA
37,200,L2DA,L2G,NA
37,200,L2DA,L2P,NA
37,200,L2DA,L2M,NA
37,200,L2DA,L2L,NA
37,200,L2DF,L2V,NA
37,200,L2DF,L2G,NA
37,200,L2DF,L2P,NA
37,200,L2DF,L2M,NA
37,200,L2DF,L2L,NA
37,200,L2V,L2G,NA
37,200,L2V,L2P,NA
37,200,L2V,L2M,NA
37,200,L2V,L2L,NA
37,200,L2G,L2P,NA
37,200,L2G,L2M,NA
37,200,L2G,L2L,NA
37,200,L2P,L2M,NA
37,200,L2P,L2L,NA
37,200,L2M,L2L,NA
38,64,L2R,L2DA,0.47
38,64,L2R,L2DF,NA
38,64,L2R,L2V,NA
38,64,L2R,L2G,NA
38,64,L2R,L2P,NA
38,64,L2R,L2M,NA
38,64,L2R,L2L,NA
38,64,L2DA,L2DF,NA
38,64,L2DA,L2V,NA
38,64,L2DA,L2G,NA
38,64,L2DA,L2P,NA
38,64,L2DA,L2M,NA
38,64,L2DA,L2L,NA
38,64,L2DF,L2V,NA
38,64,L2DF,L2G,NA
38,64,L2DF,L2P,NA
38,64,L2DF,L2M,NA
38,64,L2DF,L2L,NA
38,64,L2V,L2G,NA
38,64,L2V,L2P,NA
38,64,L2V,L2M,NA
38,64,L2V,L2L,NA
38,64,L2G,L2P,NA
38,64,L2G,L2M,NA
38,64,L2G,L2L,NA
38,64,L2P,L2M,NA
38,64,L2P,L2L,NA
38,64,L2M,L2L,NA
39,46,L2R,L2DA,NA
39,46,L2R,L2DF,NA
39,46,L2R,L2V,0.9
39,46,L2R,L2G,0.23
39,46,L2R,L2P,NA
39,46,L2R,L2M,NA
39,46,L2R,L2L,NA
39,46,L2DA,L2DF,NA
39,46,L2DA,L2V,NA
39,46,L2DA,L2G,NA
39,46,L2DA,L2P,NA
39,46,L2DA,L2M,NA
39,46,L2DA,L2L,NA
39,46,L2DF,L2V,NA
39,46,L2DF,L2G,NA
39,46,L2DF,L2P,NA
39,46,L2DF,L2M,NA
39,46,L2DF,L2L,NA
39,46,L2V,L2G,0.25
39,46,L2V,L2P,NA
39,46,L2V,L2M,NA
39,46,L2V,L2L,NA
39,46,L2G,L2P,NA
39,46,L2G,L2M,NA
39,46,L2G,L2L,NA
39,46,L2P,L2M,NA
39,46,L2P,L2L,NA
39,46,L2M,L2L,NA
40,87,L2R,L2DA,0.34
40,87,L2R,L2DF,0.33
40,87,L2R,L2V,0.53
40,87,L2R,L2G,NA
40,87,L2R,L2P,0.28
40,87,L2R,L2M,0.48
40,87,L2R,L2L,NA
40,87,L2DA,L2DF,0.57
40,87,L2DA,L2V,0.4
40,87,L2DA,L2G,NA
40,87,L2DA,L2P,0.28
40,87,L2DA,L2M,0.53
40,87,L2DA,L2L,NA
40,87,L2DF,L2V,0.25
40,87,L2DF,L2G,NA
40,87,L2DF,L2P,0.26
40,87,L2DF,L2M,0.37
40,87,L2DF,L2L,NA
40,87,L2V,L2G,NA
40,87,L2V,L2P,0.16
40,87,L2V,L2M,0.53
40,87,L2V,L2L,NA
40,87,L2G,L2P,NA
40,87,L2G,L2M,NA
40,87,L2G,L2L,NA
40,87,L2P,L2M,0.36
40,87,L2P,L2L,NA
40,87,L2M,L2L,NA
41,93,L2R,L2DA,0.54
41,93,L2R,L2DF,NA
41,93,L2R,L2V,0.41
41,93,L2R,L2G,NA
41,93,L2R,L2P,0.32
41,93,L2R,L2M,NA
41,93,L2R,L2L,0.35
41,93,L2DA,L2DF,NA
41,93,L2DA,L2V,0.57
41,93,L2DA,L2G,NA
41,93,L2DA,L2P,0.5
41,93,L2DA,L2M,NA
41,93,L2DA,L2L,0.29
41,93,L2DF,L2V,NA
41,93,L2DF,L2G,NA
41,93,L2DF,L2P,NA
41,93,L2DF,L2M,NA
41,93,L2DF,L2L,NA
41,93,L2V,L2G,NA
41,93,L2V,L2P,0.41
41,93,L2V,L2M,NA
41,93,L2V,L2L,0.68
41,93,L2G,L2P,NA
41,93,L2G,L2M,NA
41,93,L2G,L2L,NA
41,93,L2P,L2M,NA
41,93,L2P,L2L,0.24
41,93,L2M,L2L,NA
42,150,L2R,L2DA,NA
42,150,L2R,L2DF,NA
42,150,L2R,L2V,0.42
42,150,L2R,L2G,NA
42,150,L2R,L2P,NA
42,150,L2R,L2M,NA
42,150,L2R,L2L,NA
42,150,L2DA,L2DF,NA
42,150,L2DA,L2V,NA
42,150,L2DA,L2G,NA
42,150,L2DA,L2P,NA
42,150,L2DA,L2M,NA
42,150,L2DA,L2L,NA
42,150,L2DF,L2V,NA
42,150,L2DF,L2G,NA
42,150,L2DF,L2P,NA
42,150,L2DF,L2M,NA
42,150,L2DF,L2L,NA
42,150,L2V,L2G,NA
42,150,L2V,L2P,NA
42,150,L2V,L2M,NA
42,150,L2V,L2L,NA
42,150,L2G,L2P,NA
42,150,L2G,L2M,NA
42,150,L2G,L2L,NA
42,150,L2P,L2M,NA
42,150,L2P,L2L,NA
42,150,L2M,L2L,NA
43,58,L2R,L2DA,NA
43,58,L2R,L2DF,NA
43,58,L2R,L2V,0.48
43,58,L2R,L2G,NA
43,58,L2R,L2P,NA
43,58,L2R,L2M,NA
43,58,L2R,L2L,NA
43,58,L2DA,L2DF,NA
43,58,L2DA,L2V,NA
43,58,L2DA,L2G,NA
43,58,L2DA,L2P,NA
43,58,L2DA,L2M,NA
43,58,L2DA,L2L,NA
43,58,L2DF,L2V,NA
43,58,L2DF,L2G,NA
43,58,L2DF,L2P,NA
43,58,L2DF,L2M,NA
43,58,L2DF,L2L,NA
43,58,L2V,L2G,NA
43,58,L2V,L2P,NA
43,58,L2V,L2M,NA
43,58,L2V,L2L,NA
43,58,L2G,L2P,NA
43,58,L2G,L2M,NA
43,58,L2G,L2L,NA
43,58,L2P,L2M,NA
43,58,L2P,L2L,NA
43,58,L2M,L2L,NA
44,20,L2R,L2DA,0.33
44,20,L2R,L2DF,NA
44,20,L2R,L2V,NA
44,20,L2R,L2G,NA
44,20,L2R,L2P,0.38
44,20,L2R,L2M,NA
44,20,L2R,L2L,NA
44,20,L2DA,L2DF,NA
44,20,L2DA,L2V,NA
44,20,L2DA,L2G,NA
44,20,L2DA,L2P,0.71
44,20,L2DA,L2M,NA
44,20,L2DA,L2L,NA
44,20,L2DF,L2V,NA
44,20,L2DF,L2G,NA
44,20,L2DF,L2P,NA
44,20,L2DF,L2M,NA
44,20,L2DF,L2L,NA
44,20,L2V,L2G,NA
44,20,L2V,L2P,NA
44,20,L2V,L2M,NA
44,20,L2V,L2L,NA
44,20,L2G,L2P,NA
44,20,L2G,L2M,NA
44,20,L2G,L2L,NA
44,20,L2P,L2M,NA
44,20,L2P,L2L,NA
44,20,L2M,L2L,NA
45,20,L2R,L2DA,0.68
45,20,L2R,L2DF,NA
45,20,L2R,L2V,NA
45,20,L2R,L2G,NA
45,20,L2R,L2P,0.51
45,20,L2R,L2M,NA
45,20,L2R,L2L,NA
45,20,L2DA,L2DF,NA
45,20,L2DA,L2V,NA
45,20,L2DA,L2G,NA
45,20,L2DA,L2P,0.47
45,20,L2DA,L2M,NA
45,20,L2DA,L2L,NA
45,20,L2DF,L2V,NA
45,20,L2DF,L2G,NA
45,20,L2DF,L2P,NA
45,20,L2DF,L2M,NA
45,20,L2DF,L2L,NA
45,20,L2V,L2G,NA
45,20,L2V,L2P,NA
45,20,L2V,L2M,NA
45,20,L2V,L2L,NA
45,20,L2G,L2P,NA
45,20,L2G,L2M,NA
45,20,L2G,L2L,NA
45,20,L2P,L2M,NA
45,20,L2P,L2L,NA
45,20,L2M,L2L,NA
46,46,L2R,L2DA,0.76
46,46,L2R,L2DF,NA
46,46,L2R,L2V,0.48
46,46,L2R,L2G,NA
46,46,L2R,L2P,0.47
46,46,L2R,L2M,0.48
46,46,L2R,L2L,NA
46,46,L2DA,L2DF,NA
46,46,L2DA,L2V,0.44
46,46,L2DA,L2G,NA
46,46,L2DA,L2P,0.72
46,46,L2DA,L2M,0.56
46,46,L2DA,L2L,NA
46,46,L2DF,L2V,NA
46,46,L2DF,L2G,NA
46,46,L2DF,L2P,NA
46,46,L2DF,L2M,NA
46,46,L2DF,L2L,NA
46,46,L2V,L2G,NA
46,46,L2V,L2P,0.45
46,46,L2V,L2M,0.58
46,46,L2V,L2L,NA
46,46,L2G,L2P,NA
46,46,L2G,L2M,NA
46,46,L2G,L2L,NA
46,46,L2P,L2M,0.61
46,46,L2P,L2L,NA
46,46,L2M,L2L,NA
47,34,L2R,L2DA,0.89
47,34,L2R,L2DF,NA
47,34,L2R,L2V,0.42
47,34,L2R,L2G,NA
47,34,L2R,L2P,0.66
47,34,L2R,L2M,0.6
47,34,L2R,L2L,NA
47,34,L2DA,L2DF,NA
47,34,L2DA,L2V,0.39
47,34,L2DA,L2G,NA
47,34,L2DA,L2P,0.69
47,34,L2DA,L2M,0.57
47,34,L2DA,L2L,NA
47,34,L2DF,L2V,NA
47,34,L2DF,L2G,NA
47,34,L2DF,L2P,NA
47,34,L2DF,L2M,NA
47,34,L2DF,L2L,NA
47,34,L2V,L2G,NA
47,34,L2V,L2P,0.37
47,34,L2V,L2M,0.42
47,34,L2V,L2L,NA
47,34,L2G,L2P,NA
47,34,L2G,L2M,NA
47,34,L2G,L2L,NA
47,34,L2P,L2M,0.56
47,34,L2P,L2L,NA
47,34,L2M,L2L,NA
48,42,L2R,L2DA,NA
48,42,L2R,L2DF,NA
48,42,L2R,L2V,NA
48,42,L2R,L2G,0.79
48,42,L2R,L2P,NA
48,42,L2R,L2M,NA
48,42,L2R,L2L,0.63
48,42,L2DA,L2DF,NA
48,42,L2DA,L2V,NA
48,42,L2DA,L2G,NA
48,42,L2DA,L2P,NA
48,42,L2DA,L2M,NA
48,42,L2DA,L2L,NA
48,42,L2DF,L2V,NA
48,42,L2DF,L2G,NA
48,42,L2DF,L2P,NA
48,42,L2DF,L2M,NA
48,42,L2DF,L2L,NA
48,42,L2V,L2G,NA
48,42,L2V,L2P,NA
48,42,L2V,L2M,NA
48,42,L2V,L2L,NA
48,42,L2G,L2P,NA
48,42,L2G,L2M,NA
48,42,L2G,L2L,0.55
48,42,L2P,L2M,NA
48,42,L2P,L2L,NA
48,42,L2M,L2L,NA
49,26,L2R,L2DA,NA
49,26,L2R,L2DF,NA
49,26,L2R,L2V,NA
49,26,L2R,L2G,0.71
49,26,L2R,L2P,NA
49,26,L2R,L2M,NA
49,26,L2R,L2L,0.86
49,26,L2DA,L2DF,NA
49,26,L2DA,L2V,NA
49,26,L2DA,L2G,NA
49,26,L2DA,L2P,NA
49,26,L2DA,L2M,NA
49,26,L2DA,L2L,NA
49,26,L2DF,L2V,NA
49,26,L2DF,L2G,NA
49,26,L2DF,L2P,NA
49,26,L2DF,L2M,NA
49,26,L2DF,L2L,NA
49,26,L2V,L2G,NA
49,26,L2V,L2P,NA
49,26,L2V,L2M,NA
49,26,L2V,L2L,NA
49,26,L2G,L2P,NA
49,26,L2G,L2M,NA
49,26,L2G,L2L,0.55
49,26,L2P,L2M,NA
49,26,L2P,L2L,NA
49,26,L2M,L2L,NA
50,38,L2R,L2DA,NA
50,38,L2R,L2DF,NA
50,38,L2R,L2V,NA
50,38,L2R,L2G,0.61
50,38,L2R,L2P,0.25
50,38,L2R,L2M,NA
50,38,L2R,L2L,NA
50,38,L2DA,L2DF,NA
50,38,L2DA,L2V,NA
50,38,L2DA,L2G,NA
50,38,L2DA,L2P,NA
50,38,L2DA,L2M,NA
50,38,L2DA,L2L,NA
50,38,L2DF,L2V,NA
50,38,L2DF,L2G,NA
50,38,L2DF,L2P,NA
50,38,L2DF,L2M,NA
50,38,L2DF,L2L,NA
50,38,L2V,L2G,NA
50,38,L2V,L2P,NA
50,38,L2V,L2M,NA
50,38,L2V,L2L,NA
50,38,L2G,L2P,NA
50,38,L2G,L2M,NA
50,38,L2G,L2L,NA
50,38,L2P,L2M,NA
50,38,L2P,L2L,NA
50,38,L2M,L2L,NA
51,123,L2R,L2DA,0.57
51,123,L2R,L2DF,NA
51,123,L2R,L2V,0.57
51,123,L2R,L2G,0.56
51,123,L2R,L2P,NA
51,123,L2R,L2M,0.62
51,123,L2R,L2L,NA
51,123,L2DA,L2DF,NA
51,123,L2DA,L2V,0.64
51,123,L2DA,L2G,0.54
51,123,L2DA,L2P,NA
51,123,L2DA,L2M,0.82
51,123,L2DA,L2L,NA
51,123,L2DF,L2V,NA
51,123,L2DF,L2G,NA
51,123,L2DF,L2P,NA
51,123,L2DF,L2M,NA
51,123,L2DF,L2L,NA
51,123,L2V,L2G,0.78
51,123,L2V,L2P,NA
51,123,L2V,L2M,0.71
51,123,L2V,L2L,NA
51,123,L2G,L2P,NA
51,123,L2G,L2M,0.68
51,123,L2G,L2L,NA
51,123,L2P,L2M,NA
51,123,L2P,L2L,NA
51,123,L2M,L2L,NA
52,87,L2R,L2DA,0.41
52,87,L2R,L2DF,0.42
52,87,L2R,L2V,0.49
52,87,L2R,L2G,NA
52,87,L2R,L2P,NA
52,87,L2R,L2M,NA
52,87,L2R,L2L,0.56
52,87,L2DA,L2DF,0.5
52,87,L2DA,L2V,0.26
52,87,L2DA,L2G,NA
52,87,L2DA,L2P,NA
52,87,L2DA,L2M,NA
52,87,L2DA,L2L,0.42
52,87,L2DF,L2V,0.25
52,87,L2DF,L2G,NA
52,87,L2DF,L2P,NA
52,87,L2DF,L2M,NA
52,87,L2DF,L2L,0.16
52,87,L2V,L2G,NA
52,87,L2V,L2P,NA
52,87,L2V,L2M,NA
52,87,L2V,L2L,0.62
52,87,L2G,L2P,NA
52,87,L2G,L2M,NA
52,87,L2G,L2L,NA
52,87,L2P,L2M,NA
52,87,L2P,L2L,NA
52,87,L2M,L2L,NA
53,141,L2R,L2DA,0.73
53,141,L2R,L2DF,NA
53,141,L2R,L2V,0.64
53,141,L2R,L2G,NA
53,141,L2R,L2P,0.64
53,141,L2R,L2M,NA
53,141,L2R,L2L,NA
53,141,L2DA,L2DF,NA
53,141,L2DA,L2V,0.66
53,141,L2DA,L2G,NA
53,141,L2DA,L2P,0.54
53,141,L2DA,L2M,NA
53,141,L2DA,L2L,NA
53,141,L2DF,L2V,NA
53,141,L2DF,L2G,NA
53,141,L2DF,L2P,NA
53,141,L2DF,L2M,NA
53,141,L2DF,L2L,NA
53,141,L2V,L2G,NA
53,141,L2V,L2P,0.43
53,141,L2V,L2M,NA
53,141,L2V,L2L,NA
53,141,L2G,L2P,NA
53,141,L2G,L2M,NA
53,141,L2G,L2L,NA
53,141,L2P,L2M,NA
53,141,L2P,L2L,NA
53,141,L2M,L2L,NA
54,246,L2R,L2DA,NA
54,246,L2R,L2DF,0.22
54,246,L2R,L2V,0.35
54,246,L2R,L2G,NA
54,246,L2R,L2P,NA
54,246,L2R,L2M,0.22
54,246,L2R,L2L,NA
54,246,L2DA,L2DF,NA
54,246,L2DA,L2V,NA
54,246,L2DA,L2G,NA
54,246,L2DA,L2P,NA
54,246,L2DA,L2M,NA
54,246,L2DA,L2L,NA
54,246,L2DF,L2V,0.21
54,246,L2DF,L2G,NA
54,246,L2DF,L2P,NA
54,246,L2DF,L2M,0.15
54,246,L2DF,L2L,NA
54,246,L2V,L2G,NA
54,246,L2V,L2P,NA
54,246,L2V,L2M,0.15
54,246,L2V,L2L,NA
54,246,L2G,L2P,NA
54,246,L2G,L2M,NA
54,246,L2G,L2L,NA
54,246,L2P,L2M,NA
54,246,L2P,L2L,NA
54,246,L2M,L2L,NA
55,91,L2R,L2DA,NA
55,91,L2R,L2DF,0.59
55,91,L2R,L2V,0.38
55,91,L2R,L2G,NA
55,91,L2R,L2P,0.39
55,91,L2R,L2M,NA
55,91,L2R,L2L,NA
55,91,L2DA,L2DF,NA
55,91,L2DA,L2V,NA
55,91,L2DA,L2G,NA
55,91,L2DA,L2P,NA
55,91,L2DA,L2M,NA
55,91,L2DA,L2L,NA
55,91,L2DF,L2V,NA
55,91,L2DF,L2G,NA
55,91,L2DF,L2P,NA
55,91,L2DF,L2M,NA
55,91,L2DF,L2L,NA
55,91,L2V,L2G,NA
55,91,L2V,L2P,NA
55,91,L2V,L2M,NA
55,91,L2V,L2L,NA
55,91,L2G,L2P,NA
55,91,L2G,L2M,NA
55,91,L2G,L2L,NA
55,91,L2P,L2M,NA
55,91,L2P,L2L,NA
55,91,L2M,L2L,NA
56,249,L2R,L2DA,0.52
56,249,L2R,L2DF,NA
56,249,L2R,L2V,0.44
56,249,L2R,L2G,NA
56,249,L2R,L2P,0.47
56,249,L2R,L2M,NA
56,249,L2R,L2L,NA
56,249,L2DA,L2DF,NA
56,249,L2DA,L2V,0.5
56,249,L2DA,L2G,NA
56,249,L2DA,L2P,0.42
56,249,L2DA,L2M,NA
56,249,L2DA,L2L,NA
56,249,L2DF,L2V,NA
56,249,L2DF,L2G,NA
56,249,L2DF,L2P,NA
56,249,L2DF,L2M,NA
56,249,L2DF,L2L,NA
56,249,L2V,L2G,NA
56,249,L2V,L2P,0.41
56,249,L2V,L2M,NA
56,249,L2V,L2L,NA
56,249,L2G,L2P,NA
56,249,L2G,L2M,NA
56,249,L2G,L2L,NA
56,249,L2P,L2M,NA
56,249,L2P,L2L,NA
56,249,L2M,L2L,NA
57,173,L2R,L2DA,0.41
57,173,L2R,L2DF,NA
57,173,L2R,L2V,0.65
57,173,L2R,L2G,NA
57,173,L2R,L2P,NA
57,173,L2R,L2M,NA
57,173,L2R,L2L,NA
57,173,L2DA,L2DF,NA
57,173,L2DA,L2V,0.29
57,173,L2DA,L2G,NA
57,173,L2DA,L2P,NA
57,173,L2DA,L2M,NA
57,173,L2DA,L2L,NA
57,173,L2DF,L2V,NA
57,173,L2DF,L2G,NA
57,173,L2DF,L2P,NA
57,173,L2DF,L2M,NA
57,173,L2DF,L2L,NA
57,173,L2V,L2G,NA
57,173,L2V,L2P,NA
57,173,L2V,L2M,NA
57,173,L2V,L2L,NA
57,173,L2G,L2P,NA
57,173,L2G,L2M,NA
57,173,L2G,L2L,NA
57,173,L2P,L2M,NA
57,173,L2P,L2L,NA
57,173,L2M,L2L,NA
58,77,L2R,L2DA,NA
58,77,L2R,L2DF,NA
58,77,L2R,L2V,NA
58,77,L2R,L2G,NA
58,77,L2R,L2P,NA
58,77,L2R,L2M,NA
58,77,L2R,L2L,NA
58,77,L2DA,L2DF,NA
58,77,L2DA,L2V,NA
58,77,L2DA,L2G,NA
58,77,L2DA,L2P,NA
58,77,L2DA,L2M,NA
58,77,L2DA,L2L,NA
58,77,L2DF,L2V,NA
58,77,L2DF,L2G,NA
58,77,L2DF,L2P,NA
58,77,L2DF,L2M,NA
58,77,L2DF,L2L,NA
58,77,L2V,L2G,NA
58,77,L2V,L2P,NA
58,77,L2V,L2M,NA
58,77,L2V,L2L,0.38
58,77,L2G,L2P,NA
58,77,L2G,L2M,NA
58,77,L2G,L2L,0.26
58,77,L2P,L2M,NA
58,77,L2P,L2L,NA
58,77,L2M,L2L,NA
59,79,L2R,L2DA,NA
59,79,L2R,L2DF,NA
59,79,L2R,L2V,0.5
59,79,L2R,L2G,0.34
59,79,L2R,L2P,NA
59,79,L2R,L2M,NA
59,79,L2R,L2L,NA
59,79,L2DA,L2DF,NA
59,79,L2DA,L2V,NA
59,79,L2DA,L2G,NA
59,79,L2DA,L2P,NA
59,79,L2DA,L2M,NA
59,79,L2DA,L2L,NA
59,79,L2DF,L2V,NA
59,79,L2DF,L2G,NA
59,79,L2DF,L2P,NA
59,79,L2DF,L2M,NA
59,79,L2DF,L2L,NA
59,79,L2V,L2G,0.53
59,79,L2V,L2P,NA
59,79,L2V,L2M,NA
59,79,L2V,L2L,NA
59,79,L2G,L2P,NA
59,79,L2G,L2M,NA
59,79,L2G,L2L,NA
59,79,L2P,L2M,NA
59,79,L2P,L2L,NA
59,79,L2M,L2L,NA
60,60,L2R,L2DA,0.53
60,60,L2R,L2DF,NA
60,60,L2R,L2V,0.59
60,60,L2R,L2G,0.44
60,60,L2R,L2P,NA
60,60,L2R,L2M,NA
60,60,L2R,L2L,NA
60,60,L2DA,L2DF,NA
60,60,L2DA,L2V,0.58
60,60,L2DA,L2G,0.42
60,60,L2DA,L2P,NA
60,60,L2DA,L2M,NA
60,60,L2DA,L2L,NA
60,60,L2DF,L2V,NA
60,60,L2DF,L2G,NA
60,60,L2DF,L2P,NA
60,60,L2DF,L2M,NA
60,60,L2DF,L2L,NA
60,60,L2V,L2G,0.55
60,60,L2V,L2P,NA
60,60,L2V,L2M,NA
60,60,L2V,L2L,NA
60,60,L2G,L2P,NA
60,60,L2G,L2M,NA
60,60,L2G,L2L,NA
60,60,L2P,L2M,NA
60,60,L2P,L2L,NA
60,60,L2M,L2L,NA
61,94,L2R,L2DA,NA
61,94,L2R,L2DF,NA
61,94,L2R,L2V,0.75
61,94,L2R,L2G,NA
61,94,L2R,L2P,NA
61,94,L2R,L2M,NA
61,94,L2R,L2L,NA
61,94,L2DA,L2DF,NA
61,94,L2DA,L2V,NA
61,94,L2DA,L2G,NA
61,94,L2DA,L2P,NA
61,94,L2DA,L2M,NA
61,94,L2DA,L2L,NA
61,94,L2DF,L2V,NA
61,94,L2DF,L2G,NA
61,94,L2DF,L2P,NA
61,94,L2DF,L2M,NA
61,94,L2DF,L2L,NA
61,94,L2V,L2G,NA
61,94,L2V,L2P,NA
61,94,L2V,L2M,NA
61,94,L2V,L2L,NA
61,94,L2G,L2P,NA
61,94,L2G,L2M,NA
61,94,L2G,L2L,NA
61,94,L2P,L2M,NA
61,94,L2P,L2L,NA
61,94,L2M,L2L,NA
62,75,L2R,L2DA,NA
62,75,L2R,L2DF,NA
62,75,L2R,L2V,0.57
62,75,L2R,L2G,0.56
62,75,L2R,L2P,NA
62,75,L2R,L2M,NA
62,75,L2R,L2L,0.64
62,75,L2DA,L2DF,NA
62,75,L2DA,L2V,NA
62,75,L2DA,L2G,NA
62,75,L2DA,L2P,NA
62,75,L2DA,L2M,NA
62,75,L2DA,L2L,NA
62,75,L2DF,L2V,NA
62,75,L2DF,L2G,NA
62,75,L2DF,L2P,NA
62,75,L2DF,L2M,NA
62,75,L2DF,L2L,NA
62,75,L2V,L2G,0.56
62,75,L2V,L2P,NA
62,75,L2V,L2M,NA
62,75,L2V,L2L,0.51
62,75,L2G,L2P,NA
62,75,L2G,L2M,NA
62,75,L2G,L2L,0.48
62,75,L2P,L2M,NA
62,75,L2P,L2L,NA
62,75,L2M,L2L,NA
63,83,L2R,L2DA,NA
63,83,L2R,L2DF,NA
63,83,L2R,L2V,0.12
63,83,L2R,L2G,NA
63,83,L2R,L2P,NA
63,83,L2R,L2M,NA
63,83,L2R,L2L,NA
63,83,L2DA,L2DF,NA
63,83,L2DA,L2V,NA
63,83,L2DA,L2G,NA
63,83,L2DA,L2P,NA
63,83,L2DA,L2M,NA
63,83,L2DA,L2L,NA
63,83,L2DF,L2V,NA
63,83,L2DF,L2G,NA
63,83,L2DF,L2P,NA
63,83,L2DF,L2M,NA
63,83,L2DF,L2L,NA
63,83,L2V,L2G,NA
63,83,L2V,L2P,NA
63,83,L2V,L2M,NA
63,83,L2V,L2L,NA
63,83,L2G,L2P,NA
63,83,L2G,L2M,NA
63,83,L2G,L2L,NA
63,83,L2P,L2M,NA
63,83,L2P,L2L,NA
63,83,L2M,L2L,NA
64,137,L2R,L2DA,0.79
64,137,L2R,L2DF,NA
64,137,L2R,L2V,0.57
64,137,L2R,L2G,NA
64,137,L2R,L2P,0.59
64,137,L2R,L2M,0.66
64,137,L2R,L2L,NA
64,137,L2DA,L2DF,NA
64,137,L2DA,L2V,0.59
64,137,L2DA,L2G,NA
64,137,L2DA,L2P,0.69
64,137,L2DA,L2M,0.71
64,137,L2DA,L2L,NA
64,137,L2DF,L2V,NA
64,137,L2DF,L2G,NA
64,137,L2DF,L2P,NA
64,137,L2DF,L2M,NA
64,137,L2DF,L2L,NA
64,137,L2V,L2G,NA
64,137,L2V,L2P,0.47
64,137,L2V,L2M,0.57
64,137,L2V,L2L,NA
64,137,L2G,L2P,NA
64,137,L2G,L2M,NA
64,137,L2G,L2L,NA
64,137,L2P,L2M,0.54
64,137,L2P,L2L,NA
64,137,L2M,L2L,NA
65,135,L2R,L2DA,0.48
65,135,L2R,L2DF,0.22
65,135,L2R,L2V,0.73
65,135,L2R,L2G,NA
65,135,L2R,L2P,NA
65,135,L2R,L2M,NA
65,135,L2R,L2L,0.76
65,135,L2DA,L2DF,0.43
65,135,L2DA,L2V,0.33
65,135,L2DA,L2G,NA
65,135,L2DA,L2P,NA
65,135,L2DA,L2M,NA
65,135,L2DA,L2L,0.35
65,135,L2DF,L2V,0.01
65,135,L2DF,L2G,NA
65,135,L2DF,L2P,NA
65,135,L2DF,L2M,NA
65,135,L2DF,L2L,0.06
65,135,L2V,L2G,NA
65,135,L2V,L2P,NA
65,135,L2V,L2M,NA
65,135,L2V,L2L,0.85
65,135,L2G,L2P,NA
65,135,L2G,L2M,NA
65,135,L2G,L2L,NA
65,135,L2P,L2M,NA
65,135,L2P,L2L,NA
65,135,L2M,L2L,NA
66,99,L2R,L2DA,NA
66,99,L2R,L2DF,NA
66,99,L2R,L2V,0.64
66,99,L2R,L2G,NA
66,99,L2R,L2P,NA
66,99,L2R,L2M,NA
66,99,L2R,L2L,NA
66,99,L2DA,L2DF,NA
66,99,L2DA,L2V,NA
66,99,L2DA,L2G,NA
66,99,L2DA,L2P,NA
66,99,L2DA,L2M,NA
66,99,L2DA,L2L,NA
66,99,L2DF,L2V,NA
66,99,L2DF,L2G,NA
66,99,L2DF,L2P,NA
66,99,L2DF,L2M,NA
66,99,L2DF,L2L,NA
66,99,L2V,L2G,NA
66,99,L2V,L2P,NA
66,99,L2V,L2M,NA
66,99,L2V,L2L,NA
66,99,L2G,L2P,NA
66,99,L2G,L2M,NA
66,99,L2G,L2L,NA
66,99,L2P,L2M,NA
66,99,L2P,L2L,NA
66,99,L2M,L2L,NA
67,49,L2R,L2DA,NA
67,49,L2R,L2DF,NA
67,49,L2R,L2V,NA
67,49,L2R,L2G,NA
67,49,L2R,L2P,NA
67,49,L2R,L2M,NA
67,49,L2R,L2L,0.16
67,49,L2DA,L2DF,NA
67,49,L2DA,L2V,NA
67,49,L2DA,L2G,NA
67,49,L2DA,L2P,NA
67,49,L2DA,L2M,NA
67,49,L2DA,L2L,NA
67,49,L2DF,L2V,NA
67,49,L2DF,L2G,NA
67,49,L2DF,L2P,NA
67,49,L2DF,L2M,NA
67,49,L2DF,L2L,NA
67,49,L2V,L2G,NA
67,49,L2V,L2P,NA
67,49,L2V,L2M,NA
67,49,L2V,L2L,NA
67,49,L2G,L2P,NA
67,49,L2G,L2M,NA
67,49,L2G,L2L,NA
67,49,L2P,L2M,NA
67,49,L2P,L2L,NA
67,49,L2M,L2L,NA
68,12252,L2R,L2DA,NA
68,12252,L2R,L2DF,NA
68,12252,L2R,L2V,0.33
68,12252,L2R,L2G,0.51
68,12252,L2R,L2P,NA
68,12252,L2R,L2M,NA
68,12252,L2R,L2L,0.48
68,12252,L2DA,L2DF,NA
68,12252,L2DA,L2V,NA
68,12252,L2DA,L2G,NA
68,12252,L2DA,L2P,NA
68,12252,L2DA,L2M,NA
68,12252,L2DA,L2L,NA
68,12252,L2DF,L2V,NA
68,12252,L2DF,L2G,NA
68,12252,L2DF,L2P,NA
68,12252,L2DF,L2M,NA
68,12252,L2DF,L2L,NA
68,12252,L2V,L2G,0.31
68,12252,L2V,L2P,NA
68,12252,L2V,L2M,NA
68,12252,L2V,L2L,0.28
68,12252,L2G,L2P,NA
68,12252,L2G,L2M,NA
68,12252,L2G,L2L,0.39
68,12252,L2P,L2M,NA
68,12252,L2P,L2L,NA
68,12252,L2M,L2L,NA
69,107,L2R,L2DA,NA
69,107,L2R,L2DF,NA
69,107,L2R,L2V,0.6
69,107,L2R,L2G,0.62
69,107,L2R,L2P,NA
69,107,L2R,L2M,NA
69,107,L2R,L2L,NA
69,107,L2DA,L2DF,NA
69,107,L2DA,L2V,NA
69,107,L2DA,L2G,NA
69,107,L2DA,L2P,NA
69,107,L2DA,L2M,NA
69,107,L2DA,L2L,NA
69,107,L2DF,L2V,NA
69,107,L2DF,L2G,NA
69,107,L2DF,L2P,NA
69,107,L2DF,L2M,NA
69,107,L2DF,L2L,NA
69,107,L2V,L2G,0.37
69,107,L2V,L2P,NA
69,107,L2V,L2M,NA
69,107,L2V,L2L,NA
69,107,L2G,L2P,NA
69,107,L2G,L2M,NA
69,107,L2G,L2L,NA
69,107,L2P,L2M,NA
69,107,L2P,L2L,NA
69,107,L2M,L2L,NA
70,182,L2R,L2DA,NA
70,182,L2R,L2DF,NA
70,182,L2R,L2V,0.85
70,182,L2R,L2G,0.89
70,182,L2R,L2P,NA
70,182,L2R,L2M,NA
70,182,L2R,L2L,NA
70,182,L2DA,L2DF,NA
70,182,L2DA,L2V,NA
70,182,L2DA,L2G,NA
70,182,L2DA,L2P,NA
70,182,L2DA,L2M,NA
70,182,L2DA,L2L,NA
70,182,L2DF,L2V,NA
70,182,L2DF,L2G,NA
70,182,L2DF,L2P,NA
70,182,L2DF,L2M,NA
70,182,L2DF,L2L,NA
70,182,L2V,L2G,0.84
70,182,L2V,L2P,NA
70,182,L2V,L2M,NA
70,182,L2V,L2L,NA
70,182,L2G,L2P,NA
70,182,L2G,L2M,NA
70,182,L2G,L2L,NA
70,182,L2P,L2M,NA
70,182,L2P,L2L,NA
70,182,L2M,L2L,NA
71,591,L2R,L2DA,NA
71,591,L2R,L2DF,NA
71,591,L2R,L2V,0.79
71,591,L2R,L2G,0.85
71,591,L2R,L2P,NA
71,591,L2R,L2M,NA
71,591,L2R,L2L,NA
71,591,L2DA,L2DF,NA
71,591,L2DA,L2V,NA
71,591,L2DA,L2G,NA
71,591,L2DA,L2P,NA
71,591,L2DA,L2M,NA
71,591,L2DA,L2L,NA
71,591,L2DF,L2V,NA
71,591,L2DF,L2G,NA
71,591,L2DF,L2P,NA
71,591,L2DF,L2M,NA
71,591,L2DF,L2L,NA
71,591,L2V,L2G,0.84
71,591,L2V,L2P,NA
71,591,L2V,L2M,NA
71,591,L2V,L2L,NA
71,591,L2G,L2P,NA
71,591,L2G,L2M,NA
71,591,L2G,L2L,NA
71,591,L2P,L2M,NA
71,591,L2P,L2L,NA
71,591,L2M,L2L,NA
72,69,L2R,L2DA,NA
72,69,L2R,L2DF,NA
72,69,L2R,L2V,0.68
72,69,L2R,L2G,0.7
72,69,L2R,L2P,NA
72,69,L2R,L2M,NA
72,69,L2R,L2L,NA
72,69,L2DA,L2DF,NA
72,69,L2DA,L2V,NA
72,69,L2DA,L2G,NA
72,69,L2DA,L2P,NA
72,69,L2DA,L2M,NA
72,69,L2DA,L2L,NA
72,69,L2DF,L2V,NA
72,69,L2DF,L2G,NA
72,69,L2DF,L2P,NA
72,69,L2DF,L2M,NA
72,69,L2DF,L2L,NA
72,69,L2V,L2G,0.72
72,69,L2V,L2P,NA
72,69,L2V,L2M,NA
72,69,L2V,L2L,NA
72,69,L2G,L2P,NA
72,69,L2G,L2M,NA
72,69,L2G,L2L,NA
72,69,L2P,L2M,NA
72,69,L2P,L2L,NA
72,69,L2M,L2L,NA
73,219,L2R,L2DA,NA
73,219,L2R,L2DF,NA
73,219,L2R,L2V,0.7
73,219,L2R,L2G,0.84
73,219,L2R,L2P,NA
73,219,L2R,L2M,NA
73,219,L2R,L2L,NA
73,219,L2DA,L2DF,NA
73,219,L2DA,L2V,NA
73,219,L2DA,L2G,NA
73,219,L2DA,L2P,NA
73,219,L2DA,L2M,NA
73,219,L2DA,L2L,NA
73,219,L2DF,L2V,NA
73,219,L2DF,L2G,NA
73,219,L2DF,L2P,NA
73,219,L2DF,L2M,NA
73,219,L2DF,L2L,NA
73,219,L2V,L2G,0.77
73,219,L2V,L2P,NA
73,219,L2V,L2M,NA
73,219,L2V,L2L,NA
73,219,L2G,L2P,NA
73,219,L2G,L2M,NA
73,219,L2G,L2L,NA
73,219,L2P,L2M,NA
73,219,L2P,L2L,NA
73,219,L2M,L2L,NA
74,202,L2R,L2DA,0.44
74,202,L2R,L2DF,NA
74,202,L2R,L2V,0.45
74,202,L2R,L2G,0.41
74,202,L2R,L2P,NA
74,202,L2R,L2M,NA
74,202,L2R,L2L,NA
74,202,L2DA,L2DF,NA
74,202,L2DA,L2V,0.53
74,202,L2DA,L2G,0.61
74,202,L2DA,L2P,NA
74,202,L2DA,L2M,NA
74,202,L2DA,L2L,NA
74,202,L2DF,L2V,NA
74,202,L2DF,L2G,NA
74,202,L2DF,L2P,NA
74,202,L2DF,L2M,NA
74,202,L2DF,L2L,NA
74,202,L2V,L2G,0.46
74,202,L2V,L2P,NA
74,202,L2V,L2M,NA
74,202,L2V,L2L,NA
74,202,L2G,L2P,NA
74,202,L2G,L2M,NA
74,202,L2G,L2L,NA
74,202,L2P,L2M,NA
74,202,L2P,L2L,NA
74,202,L2M,L2L,NA
75,211,L2R,L2DA,0.54
75,211,L2R,L2DF,NA
75,211,L2R,L2V,0.39
75,211,L2R,L2G,0.54
75,211,L2R,L2P,NA
75,211,L2R,L2M,NA
75,211,L2R,L2L,NA
75,211,L2DA,L2DF,NA
75,211,L2DA,L2V,0.55
75,211,L2DA,L2G,0.66
75,211,L2DA,L2P,NA
75,211,L2DA,L2M,NA
75,211,L2DA,L2L,NA
75,211,L2DF,L2V,NA
75,211,L2DF,L2G,NA
75,211,L2DF,L2P,NA
75,211,L2DF,L2M,NA
75,211,L2DF,L2L,NA
75,211,L2V,L2G,0.47
75,211,L2V,L2P,NA
75,211,L2V,L2M,NA
75,211,L2V,L2L,NA
75,211,L2G,L2P,NA
75,211,L2G,L2M,NA
75,211,L2G,L2L,NA
75,211,L2P,L2M,NA
75,211,L2P,L2L,NA
75,211,L2M,L2L,NA
76,471,L2R,L2DA,0.7
76,471,L2R,L2DF,NA
76,471,L2R,L2V,0.63
76,471,L2R,L2G,0.73
76,471,L2R,L2P,0.59
76,471,L2R,L2M,NA
76,471,L2R,L2L,NA
76,471,L2DA,L2DF,NA
76,471,L2DA,L2V,0.51
76,471,L2DA,L2G,0.59
76,471,L2DA,L2P,0.51
76,471,L2DA,L2M,NA
76,471,L2DA,L2L,NA
76,471,L2DF,L2V,NA
76,471,L2DF,L2G,NA
76,471,L2DF,L2P,NA
76,471,L2DF,L2M,NA
76,471,L2DF,L2L,NA
76,471,L2V,L2G,0.76
76,471,L2V,L2P,0.46
76,471,L2V,L2M,NA
76,471,L2V,L2L,NA
76,471,L2G,L2P,0.52
76,471,L2G,L2M,NA
76,471,L2G,L2L,NA
76,471,L2P,L2M,NA
76,471,L2P,L2L,NA
76,471,L2M,L2L,NA
77,222,L2R,L2DA,NA
77,222,L2R,L2DF,NA
77,222,L2R,L2V,0.48
77,222,L2R,L2G,0.46
77,222,L2R,L2P,NA
77,222,L2R,L2M,NA
77,222,L2R,L2L,NA
77,222,L2DA,L2DF,NA
77,222,L2DA,L2V,NA
77,222,L2DA,L2G,NA
77,222,L2DA,L2P,NA
77,222,L2DA,L2M,NA
77,222,L2DA,L2L,NA
77,222,L2DF,L2V,NA
77,222,L2DF,L2G,NA
77,222,L2DF,L2P,NA
77,222,L2DF,L2M,NA
77,222,L2DF,L2L,NA
77,222,L2V,L2G,0.59
77,222,L2V,L2P,NA
77,222,L2V,L2M,NA
77,222,L2V,L2L,NA
77,222,L2G,L2P,NA
77,222,L2G,L2M,NA
77,222,L2G,L2L,NA
77,222,L2P,L2M,NA
77,222,L2P,L2L,NA
77,222,L2M,L2L,NA
78,281,L2R,L2DA,NA
78,281,L2R,L2DF,0.47
78,281,L2R,L2V,0.63
78,281,L2R,L2G,0.8
78,281,L2R,L2P,NA
78,281,L2R,L2M,NA
78,281,L2R,L2L,NA
78,281,L2DA,L2DF,NA
78,281,L2DA,L2V,NA
78,281,L2DA,L2G,NA
78,281,L2DA,L2P,NA
78,281,L2DA,L2M,NA
78,281,L2DA,L2L,NA
78,281,L2DF,L2V,0.45
78,281,L2DF,L2G,0.52
78,281,L2DF,L2P,NA
78,281,L2DF,L2M,NA
78,281,L2DF,L2L,NA
78,281,L2V,L2G,0.78
78,281,L2V,L2P,NA
78,281,L2V,L2M,NA
78,281,L2V,L2L,NA
78,281,L2G,L2P,NA
78,281,L2G,L2M,NA
78,281,L2G,L2L,NA
78,281,L2P,L2M,NA
78,281,L2P,L2L,NA
78,281,L2M,L2L,NA
79,64,L2R,L2DA,0.37
79,64,L2R,L2DF,NA
79,64,L2R,L2V,0.46
79,64,L2R,L2G,NA
79,64,L2R,L2P,0.35
79,64,L2R,L2M,0.52
79,64,L2R,L2L,NA
79,64,L2DA,L2DF,NA
79,64,L2DA,L2V,0.53
79,64,L2DA,L2G,NA
79,64,L2DA,L2P,0.63
79,64,L2DA,L2M,0.61
79,64,L2DA,L2L,NA
79,64,L2DF,L2V,NA
79,64,L2DF,L2G,NA
79,64,L2DF,L2P,NA
79,64,L2DF,L2M,NA
79,64,L2DF,L2L,NA
79,64,L2V,L2G,0.28
79,64,L2V,L2P,NA
79,64,L2V,L2M,NA
79,64,L2V,L2L,NA
79,64,L2G,L2P,NA
79,64,L2G,L2M,NA
79,64,L2G,L2L,NA
79,64,L2P,L2M,0.45
79,64,L2P,L2L,NA
79,64,L2M,L2L,NA
80,96,L2R,L2DA,NA
80,96,L2R,L2DF,NA
80,96,L2R,L2V,NA
80,96,L2R,L2G,0.13
80,96,L2R,L2P,0.04
80,96,L2R,L2M,NA
80,96,L2R,L2L,0.59
80,96,L2DA,L2DF,NA
80,96,L2DA,L2V,NA
80,96,L2DA,L2G,NA
80,96,L2DA,L2P,NA
80,96,L2DA,L2M,NA
80,96,L2DA,L2L,NA
80,96,L2DF,L2V,NA
80,96,L2DF,L2G,NA
80,96,L2DF,L2P,NA
80,96,L2DF,L2M,NA
80,96,L2DF,L2L,NA
80,96,L2V,L2G,NA
80,96,L2V,L2P,NA
80,96,L2V,L2M,NA
80,96,L2V,L2L,NA
80,96,L2G,L2P,0.01
80,96,L2G,L2M,NA
80,96,L2G,L2L,0.15
80,96,L2P,L2M,NA
80,96,L2P,L2L,0.09
80,96,L2M,L2L,NA
81,139,L2R,L2DA,0.25
81,139,L2R,L2DF,NA
81,139,L2R,L2V,NA
81,139,L2R,L2G,NA
81,139,L2R,L2P,NA
81,139,L2R,L2M,0.24
81,139,L2R,L2L,NA
81,139,L2DA,L2DF,NA
81,139,L2DA,L2V,NA
81,139,L2DA,L2G,NA
81,139,L2DA,L2P,NA
81,139,L2DA,L2M,0.24
81,139,L2DA,L2L,NA
81,139,L2DF,L2V,NA
81,139,L2DF,L2G,NA
81,139,L2DF,L2P,NA
81,139,L2DF,L2M,NA
81,139,L2DF,L2L,NA
81,139,L2V,L2G,NA
81,139,L2V,L2P,NA
81,139,L2V,L2M,NA
81,139,L2V,L2L,NA
81,139,L2G,L2P,NA
81,139,L2G,L2M,NA
81,139,L2G,L2L,NA
81,139,L2P,L2M,NA
81,139,L2P,L2L,NA
81,139,L2M,L2L,NA
82,209,L2R,L2DA,NA
82,209,L2R,L2DF,NA
82,209,L2R,L2V,0.31
82,209,L2R,L2G,NA
82,209,L2R,L2P,NA
82,209,L2R,L2M,NA
82,209,L2R,L2L,0.24
82,209,L2DA,L2DF,NA
82,209,L2DA,L2V,NA
82,209,L2DA,L2G,NA
82,209,L2DA,L2P,NA
82,209,L2DA,L2M,NA
82,209,L2DA,L2L,NA
82,209,L2DF,L2V,NA
82,209,L2DF,L2G,NA
82,209,L2DF,L2P,NA
82,209,L2DF,L2M,NA
82,209,L2DF,L2L,NA
82,209,L2V,L2G,NA
82,209,L2V,L2P,NA
82,209,L2V,L2M,NA
82,209,L2V,L2L,0.18
82,209,L2G,L2P,NA
82,209,L2G,L2M,NA
82,209,L2G,L2L,NA
82,209,L2P,L2M,NA
82,209,L2P,L2L,NA
82,209,L2M,L2L,NA
83,172,L2R,L2DA,NA
83,172,L2R,L2DF,NA
83,172,L2R,L2V,0.26
83,172,L2R,L2G,0.19
83,172,L2R,L2P,NA
83,172,L2R,L2M,NA
83,172,L2R,L2L,NA
83,172,L2DA,L2DF,NA
83,172,L2DA,L2V,NA
83,172,L2DA,L2G,NA
83,172,L2DA,L2P,NA
83,172,L2DA,L2M,NA
83,172,L2DA,L2L,NA
83,172,L2DF,L2V,NA
83,172,L2DF,L2G,NA
83,172,L2DF,L2P,NA
83,172,L2DF,L2M,NA
83,172,L2DF,L2L,NA
83,172,L2V,L2G,0.14
83,172,L2V,L2P,NA
83,172,L2V,L2M,NA
83,172,L2V,L2L,NA
83,172,L2G,L2P,NA
83,172,L2G,L2M,NA
83,172,L2G,L2L,NA
83,172,L2P,L2M,NA
83,172,L2P,L2L,NA
83,172,L2M,L2L,NA
